Kanji,Frequency倡,55
儿,78
煬,39
継,6334
壤,4
并,42
郵,2307
嗄,138
垜,2
内,42969
邨,144
遑,44
栫,2
勇,4778
緋,467
砺,43
篖,1
鰓,394
綉,19
郢,45
麹,420
莨,72
椎,1841
獵,4
更,3338
伍,290
満,8247
垪,3
鴉,234
珎,32
儖,2
勍,3
蓿,27
雲,10492
父,7887
奏,6258
祠,292
鮬,1
頗,126
彊,46
陏,2
柄,11306
挿,1677
窟,684
彜,3
狡,186
淵,1052
逗,66
苳,15
塀,689
亭,2023
蕷,129
覲,45
挘,2
衍,173
築,6179
澤,15
劍,4
齪,30
冏,26
藷,133
蛭,272
黏,31
耳,5680
鰌,148
韵,19
栄,6763
剔,52
蕎,530
償,2089
揆,407
逐,506
痢,568
它,7
乞,1594
蜥,138
哽,9
曠,237
繆,39
簸,71
贈,2201
膣,148
炮,186
隈,591
弔,625
截,275
帆,1454
八,33890
粤,30
楓,311
厴,6
桛,9
榴,349
腴,22
亂,6
甕,236
艇,574
嚶,33
緖,2
買,8848
蓙,120
怨,656
絅,23
桓,267
勉,1179
欟,6
汚,2697
紵,32
旱,209
鬮,106
廠,115
諫,360
驎,5
燦,85
臥,1268
収,10655
笂,2
橉,1
蜩,37
薇,306
萵,66
醒,811
棉,74
誤,3140
效,4
吟,1453
靖,212
醐,571
鍄,2
攜,3
始,12580
軒,2093
偏,2504
他,44680
浮,14492
廷,2851
椢,1
埖,2
掏,82
芸,12356
樔,18
聶,10
瀰,39
陝,279
楾,33
幤,3
粟,962
遖,24
測,5992
倉,7484
豫,22
腕,4131
質,26669
覿,33
沖,2959
眦,42
癩,138
鵁,4
噯,7
欠,5456
較,1862
移,9269
吾,2411
浴,2404
弃,9
顰,174
頓,871
瓣,100
蝶,1828
烈,1162
褄,408
先,24523
岨,83
義,28117
孚,53
壕,198
杞,90
囈,20
怱,52
命,19258
籀,35
貽,39
陜,12
即,3179
檎,103
刻,6726
跚,59
盃,749
干,4765
策,5536
溥,31
酎,230
計,17440
唯,1558
鰶,3
狹,4
舜,255
稠,101
湃,39
踐,4
甃,38
隶,9
屏,805
宸,358
褒,575
輜,62
祉,1128
保,23767
便,7951
冉,125
劣,2526
夫,13079
洫,2
手,81066
鈞,94
卅,8
喜,4155
岬,580
繕,440
畄,3
皺,456
鑒,42
都,25708
瀋,54
辜,26
逖,8
漲,41
川,25849
廚,4
偸,162
蘇,2200
悦,528
澱,460
筴,2
隆,1825
亮,212
鵯,65
榎,163
幔,59
醤,1238
維,4984
泛,84
宴,2515
連,25731
悖,99
釛,2
沒,2
疵,381
狛,95
彭,91
直,18773
簽,21
蓖,27
斜,3335
磚,36
莠,11
腊,7
副,11908
廴,31
淘,212
很,8
德,1
酢,2252
髮,4
旛,61
粭,2
鮠,30
祇,1397
嚔,17
鴫,192
軟,2830
痲,44
茄,311
倫,1252
兇,154
稽,1756
苺,130
鏥,2
薗,783
皸,22
存,9713
錬,648
緒,3839
剩,4
酋,24
覓,33
衝,2379
叔,611
咽,466
境,8253
擤,2
廈,71
秋,15880
蝌,30
莓,14
崚,4
寥,62
后,2103
恣,156
鳬,4
脹,445
遯,32
沺,2
塾,590
蘢,2
猥,322
禎,95
鯉,721
椁,8
賢,2972
巒,39
蘯,3
湑,1
翩,17
們,23
丹,3500
煥,50
厠,101
澁,4
玕,1
二,73435
峅,2
蝕,324
民,24540
舷,483
壽,5
妝,13
炭,7316
血,12617
誄,55
祭,10655
爿,30
匕,90
彩,2936
溺,378
独,10217
魏,969
汎,488
躬,157
邃,50
錦,1857
躪,13
年,97536
偈,232
沐,188
吩,3
詒,2
趙,344
曵,5
慈,1553
蔞,2
陞,48
裂,4267
太,26453
瞭,293
丁,5008
鰻,343
閇,19
屮,9
窪,925
仟,18
逅,56
車,22928
臑,183
茯,51
簔,5
纎,3
爲,8
湍,70
顬,6
阪,2658
匏,56
蓆,180
晝,6
髢,75
択,1407
堵,185
樵,150
絡,1900
總,4
妃,727
黜,60
入,54253
笠,3160
狭,4017
珸,5
黷,4
妓,1037
驅,10
輪,8218
天,49774
奧,7
珱,3
蠑,21
駅,2790
訶,185
低,9712
堡,129
鶩,41
對,5
駃,1
仗,205
堺,411
舘,9
戀,4
麑,4
西,24336
牡,1193
清,11724
驕,191
秉,88
饌,259
獗,15
按,365
隲,27
縕,2
娠,656
蛤,355
蔦,206
阮,129
襠,121
葭,147
鞁,3
罎,11
拵,286
着,22230
鬯,24
慎,1027
鈹,2
橿,199
粍,9
嵜,3
握,2263
燒,4
掖,95
綺,446
鵙,23
噬,56
殘,4
胃,2043
姿,6478
徐,530
扇,3061
凝,1749
慙,91
暎,4
場,44670
救,3437
幎,2
名,148493
糧,962
刳,261
墜,249
鮹,20
辣,153
拙,565
遼,435
枌,35
毎,4236
關,4
駆,3311
榧,51
拘,986
俥,15
窗,14
駟,55
俠,39
鋼,2101
舩,3
亰,3
彳,144
醇,168
奩,21
雑,10462
魎,23
笛,2420
銛,152
稭,4
猯,8
囘,3
玻,132
靤,3
脳,3751
楷,198
鐔,141
茜,172
絲,24
舂,123
廁,3
寧,1915
蘭,2542
瞰,98
髓,4
膂,25
購,714
蕪,725
柯,88
据,1273
童,4252
髴,20
孺,111
第,17520
懲,858
繼,4
暃,2
拿,51
鈷,211
媚,214
覺,7
鼹,2
鰹,439
囚,705
校,11543
眸,77
杭,727
冖,53
噤,28
岡,4834
點,4
拗,271
蹲,152
歉,9
横,10620
界,15492
菅,1319
某,485
産,30921
袘,2
駄,2533
酩,41
撻,26
墻,52
誓,1688
撕,8
厩,291
砠,2
獏,14
丶,20
胤,347
粂,17
騒,2862
溢,275
乗,12804
阯,26
斧,515
礑,51
借,5032
葦,1385
鴻,437
姨,88
吠,281
訊,117
巽,83
窒,872
覚,9471
絓,3
鸞,359
壙,26
糾,270
愡,2
殕,2
慇,73
縣,8
悶,222
女,47092
羨,159
別,27597
茗,129
齠,4
吏,1427
忠,4085
岻,2
諏,233
燥,2120
蘰,8
剪,260
酷,806
幣,3541
穩,4
袱,253
牟,277
瑣,134
陣,4127
胆,1822
短,8792
苫,119
槞,2
陲,32
潅,4
淳,263
韆,25
誅,201
帶,6
舎,4212
蝓,37
个,41
条,12921
逡,33
樌,2
跿,3
畠,430
襯,30
榱,23
象,13923
辻,791
溘,14
議,14880
檗,186
鎌,4995
施,6505
瞽,108
託,2601
拜,4
髻,334
賍,7
鵟,4
磠,2
冩,3
駲,3
鄲,154
筋,7731
鵝,30
霖,120
將,6
営,8062
諌,16
吽,98
硬,3655
噺,335
麋,32
橙,617
加,20756
退,6624
受,20975
齲,40
芽,2953
聞,19146
課,3612
失,10750
讒,321
祓,876
搭,296
席,6480
簒,40
武,15622
榻,93
頑,788
青,11989
捏,242
襤,110
懿,57
窘,23
榿,2
沃,536
槨,56
榍,2
碕,45
眷,189
渤,108
返,10764
噫,26
法,71150
綴,1506
列,8285
杣,225
苑,556
覡,46
半,16128
田,28552
唳,15
匱,35
究,8201
潯,19
摘,1953
彈,4
嶄,18
蛬,2
侖,5
蚋,36
趣,3181
錐,1737
溷,24
滉,6
奈,4654
鱶,49
轍,240
盆,2672
搖,4
瞠,43
枳,114
萁,2
侠,492
塑,301
鷹,1653
脚,5863
充,1733
蹤,58
衣,14870
俗,10768
狢,46
氏,26032
捥,5
抜,8974
鯧,2
悚,45
蛯,2
逝,237
疣,265
軽,8056
繧,66
弘,2111
櫓,845
道,51523
笑,5613
堪,1177
級,6943
羚,76
鯢,13
聟,355
襪,44
蟇,303
格,13931
凛,30
蕉,1141
言,62466
奐,21
坿,3
攝,4
杠,30
箸,1084
潤,1006
谿,105
摶,9
戳,2
修,8669
捨,3651
枉,138
黹,7
橢,17
棧,4
啌,6
褂,2
羲,119
莖,4
泝,17
瑰,26
妄,800
菘,28
淮,303
斌,29
鋺,28
葩,45
蕕,17
倒,5276
綽,70
玉,11717
緩,1583
抄,5309
飆,20
醪,48
籘,3
前,43930
嘘,375
些,262
澂,3
瀛,34
羂,95
圄,28
雛,1045
鮃,34
攻,4747
考,13493
洛,768
慶,3753
垂,5988
雨,11294
橈,65
淪,33
霆,26
鑞,185
燵,223
敞,9
怜,45
芩,4
僻,336
糶,85
鱪,2
楴,2
蟒,23
盻,3
鮄,3
肥,3933
蝙,182
乂,22
迫,2602
麩,223
普,7521
僊,77
麪,17
晦,539
鱠,53
筆,10415
掘,2749
詑,3
埒,285
聽,5
軫,51
祟,113
慝,15
巫,525
舌,2844
鍍,194
台,15672
忘,3231
鵜,475
照,6840
炷,1
毋,32
伉,20
糗,2
毯,98
鼕,10
紺,852
嫌,2698
吉,9023
礎,2413
型,11419
両,12893
屬,5
騎,1555
袗,4
鏘,36
懆,3
廡,2
溲,39
立,64858
郭,2146
酖,34
襲,2906
簑,20
桀,46
鱮,6
檳,139
柚,170
全,24783
梱,96
艷,3
俟,81
堅,3348
押,8576
睦,371
鳴,8633
迴,2
捉,419
億,759
珈,45
與,14
薩,3488
芯,627
渉,2112
架,1445
患,2785
胼,67
碗,888
吻,354
隸,3
為,10785
亡,3737
賑,236
豬,14
濰,2
洒,1535
鋒,329
罰,2338
蜃,90
獸,4
皴,65
潭,75
沮,79
串,651
克,470
釡,3
均,2758
霑,33
會,6
莵,4
性,51833
罟,7
懾,41
緬,617
廏,4
最,20590
啗,8
社,32670
雋,6
本,83797
饒,158
恂,18
丿,61
姦,570
晤,13
汪,62
梯,668
丱,25
撤,514
朶,187
犂,144
爻,49
遂,1403
果,16535
蟯,30
廣,7
閹,19
焦,1364
鐚,43
巨,1860
齣,91
嚏,30
魳,7
脆,120
醫,8
祺,17
昭,3716
彷,96
釧,159
腎,1328
疚,22
魔,2635
冰,15
求,7268
魑,58
柾,110
靠,42
枚,4858
濟,4
堤,1139
樛,7
劭,19
戌,176
孔,3365
亶,9
盞,162
濁,1720
旬,885
滄,156
木,48052
袿,163
慾,199
顧,1496
耘,73
昵,78
史,12423
昜,7
稘,2
濶,20
頂,3922
賜,1553
靹,3
淀,735
靡,270
呟,29
消,11151
捗,70
外,37486
熹,174
纓,162
曽,39
兌,187
勘,2942
詭,137
繪,4
訟,2438
宝,6427
灯,5858
遥,927
礫,452
鉗,131
殤,17
急,8773
介,4421
縉,22
跋,275
吋,8
殄,20
尭,219
品,30150
孥,19
河,11712
到,1770
肉,10521
攙,2
巻,15215
螳,36
健,3722
斐,688
惓,3
恪,81
呎,25
雌,3517
幽,1232
皶,4
胴,2444
朔,833
聴,2339
鸛,46
轣,10
蜜,1048
蠱,61
簾,1029
暼,3
咢,8
蠻,4
馗,54
蹈,42
痹,3
責,4051
蹴,1048
泰,817
蒜,147
葱,938
肢,1400
滕,53
鵠,133
唱,4710
賎,17
菌,5384
鮑,297
洳,7
偬,17
兒,7
瓏,26
瓰,2
蔔,88
梂,2
呑,1014
催,2720
息,7125
贋,226
齷,30
杙,216
逢,1293
螺,1212
逞,59
懊,22
疂,3
建,17042
孛,7
匆,37
畋,9
禝,2
擡,43
蹠,87
届,1863
籟,102
甑,105
贍,52
鯥,6
懐,2459
謀,1752
苆,2
檣,220
瀦,12
咼,7
凾,3
恟,14
症,8598
圷,2
鵼,2
呀,7
塵,2436
軈,13
磑,14
擴,4
楳,16
齏,3
摎,6
霰,373
爪,1915
旒,45
纃,4
桂,1387
琵,1056
闡,42
惧,79
悋,116
拍,2497
違,7778
窿,35
癖,1220
儲,463
缺,31
雕,19
陷,4
弍,4
阻,576
裙,65
槌,709
廳,5
熅,6
箟,3
赴,445
茴,79
儔,20
舞,18736
岶,3
髯,184
瀞,48
喀,107
盡,6
鮨,815
跪,69
拇,70
冢,74
髫,55
担,4796
焙,348
兼,2570
舮,3
賃,3142
筏,293
邀,38
袋,5088
必,7076
輌,3
位,29142
仂,5
芋,1377
篆,272
錵,9
圳,3
粕,336
頬,1027
狙,277
垓,26
瘍,865
鐘,2255
紂,75
舗,557
蝿,59
輔,954
已,526
橫,1
崋,53
会,53312
薜,11
市,27518
翰,330
絮,43
黶,11
蛙,818
叫,683
簇,113
諠,59
佗,37
廾,40
悴,101
圦,10
鮫,415
訓,14186
樓,4
勺,87
蘓,5
祿,4
浙,465
鋤,375
栽,3746
往,3015
捫,11
繰,3266
決,12804
桾,7
鮴,17
母,11522
澡,13
涕,127
嶮,106
竒,3
瘴,78
寫,4
蚊,970
梣,6
嫺,6
圻,10
軌,1390
科,29520
愿,24
峺,2
陶,2748
歳,5143
儺,122
鮟,113
若,12218
簶,3
黴,264
輳,31
牝,288
巵,48
碍,166
卩,58
脩,76
碎,4
与,10951
琴,2472
研,8458
璋,51
飢,665
靴,2028
凰,223
塚,1231
鴨,1232
篥,80
叟,234
蠧,45
靭,96
腰,5487
梠,42
棄,1543
鍬,578
海,38159
畭,3
歸,5
琿,15
棆,2
硴,2
蠊,1
螈,2
仔,167
鷗,56
包,5244
朽,839
賭,960
椥,2
総,27927
逃,3922
飴,764
奔,587
苒,19
込,14936
冥,1471
湫,10
赤,13486
隴,100
節,16652
邉,3
梭,115
菲,58
櫁,3
罐,76
錻,9
訪,2099
紹,858
踠,2
埵,1
寉,3
轢,123
戊,280
了,2170
周,9068
多,50028
異,19736
狸,424
襍,5
倏,24
賀,5862
碪,17
静,5574
新,33674
極,10084
絹,3607
懸,3486
楹,10
躁,144
鱗,1319
捻,666
琲,43
臻,4
纉,3
圈,4
誇,893
慟,26
渺,87
谺,20
佼,17
系,9724
澑,3
麿,211
胄,34
姪,105
提,11881
姉,1597
桁,938
揃,943
椙,24
詮,378
職,15824
壘,4
仍,62
痳,60
遽,63
奉,7281
釈,5166
令,9462
驩,12
蜀,573
顎,700
巌,427
翡,142
蕣,12
宗,14021
盬,1
濡,921
畍,3
卮,10
著,12624
孟,988
謐,37
籥,15
止,12701
鷓,22
腑,252
斎,4285
儈,1
詔,531
獪,38
蜍,28
瞞,50
不,33261
睫,109
靉,22
待,7790
鞫,39
澹,89
具,16710
罍,14
潰,951
厮,10
鏤,91
妹,2766
逍,692
枠,1221
輙,11
玄,3022
呼,10937
漠,918
朏,3
哈,85
塙,43
輦,259
權,4
鰔,2
訌,29
嫖,25
疋,231
貉,41
專,8
閣,2727
揄,55
弧,688
蓊,7
越,8393
涎,151
去,6871
鍼,382
吃,202
壑,60
芝,3305
弓,5556
孳,22
隗,40
長,55520
葛,2036
籾,302
蝨,87
臣,8607
雰,578
掌,1605
帯,15981
捌,308
嗔,16
閘,71
裔,265
蠟,79
領,9922
爽,198
噐,3
印,9316
如,5059
攣,412
白,31632
鴎,1176
軸,3687
螢,17
游,196
籵,2
弥,4391
務,16667
脈,5107
瑕,193
努,2027
削,2478
蝪,10
踟,8
辮,31
顳,35
嗜,319
貯,2040
犠,609
喝,389
悽,33
霏,15
陟,44
下,87723
杯,2714
騙,180
蟠,62
鉦,524
菫,195
冴,173
釵,39
鰾,79
椣,2
托,416
渮,2
熱,13710
檍,14
匸,43
崢,8
聹,4
絳,24
鈴,1938
倬,5
簡,3864
扌,1
踊,4119
匿,314
又,1396
鰈,111
儕,73
珥,7
乢,2
索,2054
假,20
烟,336
庸,517
衵,125
嬌,212
属,15126
櫂,270
煉,820
蠶,9
養,8815
聳,115
枕,8978
闇,1701
占,4815
鹹,154
野,29938
莟,19
誘,2922
陳,1321
改,10668
蝎,51
蟹,733
慱,2
胳,2
蔲,2
釿,9
鶀,2
北,26086
鬲,40
戈,257
澄,2044
背,8379
爆,3040
棕,185
盪,105
鱵,5
倭,3012
観,13821
罨,63
杵,871
嚀,15
曹,1031
澳,27
冤,72
嫩,151
凖,5
跣,91
死,18597
弦,3833
薹,79
屯,265
韲,74
觀,4
里,6208
椏,49
遏,40
浹,8
鬧,38
蘚,187
署,1390
磊,68
鐺,97
鄂,18
佰,8
機,35271
粡,5
朮,146
媽,45
愾,27
膽,8
樟,280
荊,210
嗷,25
蠅,539
瑩,51
籠,4576
忻,9
麴,23
粳,135
櫻,9
翟,2
蜆,134
遙,7
誡,193
渝,11
啐,1
袍,581
艟,16
疏,448
鞍,1606
淤,10
嚢,1691
痩,591
叮,17
牋,3
氤,8
瞿,68
雍,148
樞,4
眇,70
家,74411
剞,18
溽,15
謾,4
湛,182
税,8255
鮖,2
仰,3106
赭,179
遲,14
皙,10
預,2682
凩,25
卦,575
俛,17
徊,136
吶,64
膸,4
匪,151
嶺,990
欖,100
鵲,109
習,8649
盛,12507
睾,102
版,6346
嘲,232
鱩,2
笥,438
掠,356
或,807
孜,21
卯,800
弭,217
瓧,2
薬,20784
聨,3
嘴,445
仝,8
擔,7
劫,602
菽,65
豸,55
甌,46
骰,40
屹,102
慷,53
尽,4827
詠,2264
瘰,12
觴,89
仲,6097
蚰,35
蜾,1
茱,124
檝,2
痰,405
梶,453
尤,209
戟,127
彰,277
噂,230
徹,1178
譟,11
麨,2
撚,574
旡,15
佯,46
滂,24
泄,348
喰,501
浩,195
激,6161
菰,207
嚊,112
劔,6
揶,50
享,1324
暮,4589
槻,319
労,10647
鯊,35
和,37514
鴾,27
匐,135
電,29484
腓,109
奪,2233
潺,18
蘗,83
肚,123
貼,1029
環,5427
虹,441
蛔,12
橘,1004
嫋,22
碧,504
樣,7
窩,319
棣,72
賈,160
牴,41
朷,2
響,5026
弴,1
疑,3705
鴈,94
弼,183
耗,406
庶,1082
煦,14
蒿,125
疼,236
鉋,367
謂,307
濳,3
墮,6
參,5
釋,6
週,1573
愆,6
倻,1
湿,2804
葢,3
耨,71
貰,561
臘,242
衆,7943
櫟,74
儷,55
盤,5248
教,36045
沌,89
疉,3
殼,6
弩,146
洵,35
嘯,180
氵,1
笵,30
妲,19
隔,3091
囗,96
歇,39
孰,39
凜,46
樒,40
楊,1083
遅,3224
魯,1116
航,6012
髁,1
讎,10
綾,1157
山,62593
放,13069
尖,827
揖,96
鵬,107
衙,242
却,1777
綣,2
賂,217
鍾,250
働,11251
挑,457
怡,52
怕,5
巉,8
抒,325
鏡,8663
稷,125
泅,3
偲,193
剋,115
段,12241
圏,1339
曝,349
峰,2586
恤,140
線,23227
奕,207
遞,4
党,6845
瘟,24
网,29
鑽,215
勧,1886
咨,25
晷,1
練,5798
瑯,64
盜,4
羅,6226
兮,67
湟,6
肪,1391
獅,951
芦,159
盒,44
痴,883
凪,154
困,3125
繞,280
昆,3388
藐,74
繃,28
聊,101
伸,3628
蘋,42
燿,7
淡,5563
竪,553
菴,77
柮,11
濆,3
齊,21
密,8871
頚,3
育,12675
鴆,48
鼓,4280
橅,7
鬪,9
稍,37
諚,52
瓜,1448
尊,8834
泉,6030
蒋,143
俯,214
戲,5
督,2880
等,12793
棚,2624
恋,7324
唸,62
渕,16
助,16492
胞,6137
慵,8
繝,90
商,15093
余,7001
衄,16
協,5963
餤,10
釐,128
魂,2477
裼,9
楼,1640
碚,3
隧,26
獎,3
硫,2491
啖,73
襾,29
朝,18845
褸,104
漁,4861
装,14457
璞,38
慌,367
廉,506
舁,136
耐,2625
沸,1102
読,14791
饕,12
舅,210
千,13389
宵,1179
橸,3
錘,571
鶸,54
双,3728
誰,1325
没,3582
掴,335
餝,21
殻,3942
元,21776
蠹,48
鐙,339
肓,52
乘,5
晧,5
虚,2793
霹,59
危,3521
恆,9
光,21879
奴,2542
迪,33
證,8
括,1411
洽,24
涛,10
循,988
蒻,180
溟,45
柱,6622
痤,3
暦,6342
珀,182
杲,30
敷,7162
寇,240
毳,74
價,5
紫,7775
豇,10
申,7642
垣,3402
綏,107
衫,103
岌,8
覬,12
寝,7271
顥,2
闔,79
器,25714
菖,649
岼,2
仭,14
悄,67
蕃,472
戮,85
簟,13
絛,35
熙,49
檠,26
漢,15250
貊,22
孵,356
謄,170
燬,8
乎,312
菱,975
楸,104
祝,6177
皇,19224
材,12602
惺,51
啜,91
富,5941
鬻,37
駿,890
亥,371
搏,145
蕭,224
嚠,17
淹,81
竓,8
壇,1802
气,23
齒,58
讃,738
共,14680
逋,30
娩,342
澎,45
鍜,3
触,4693
鶉,397
痒,206
逾,4
君,11427
洟,98
邂,57
茵,70
莉,37
鼠,2209
嘗,979
捶,5
吸,6038
悟,2095
儻,20
盍,8
汨,37
鍋,2049
橲,3
庚,621
昶,3
六,25385
羸,63
泪,87
曩,62
堯,8
齶,3
咏,10
廃,4794
恨,1484
聆,8
皖,19
畦,209
来,30457
砂,7078
脅,502
鼎,443
宇,9127
葫,39
紛,1616
咥,20
繫,50
竰,2
仄,263
號,4
楉,2
禹,242
懶,111
諦,389
匍,114
堊,48
蒔,1148
粑,2
晉,2
栗,2891
轅,118
熈,3
紅,9512
晞,5
升,786
噪,71
敬,7704
卵,6491
煮,4508
抛,119
詢,85
粉,7457
聚,2944
躱,12
丸,6834
畿,610
垈,2
嶌,3
茂,2694
錫,687
謳,143
蓮,2505
痂,52
区,19141
蹇,104
縫,3458
雀,2092
倅,45
劒,3
暖,2869
膾,261
畊,3
滞,1528
掻,1991
州,11386
凵,38
椌,3
劈,104
刀,10117
薯,305
滲,192
粒,3431
湎,17
競,8267
扱,3698
稾,3
龍,62
篠,629
文,70931
慨,319
魴,20
檬,33
点,26809
幅,4117
暘,6
阿,6050
徇,7
椛,4
繭,834
汳,4
糴,44
橐,2
憎,1288
夜,16494
瀨,1
鞦,81
革,8140
宮,17789
宰,1536
曇,1104
落,20992
揉,506
痣,33
城,12107
冶,961
丑,407
唆,154
懷,4
袞,67
棟,1298
裲,31
醞,3
朗,1088
刎,119
唏,6
鷏,3
袙,19
婉,290
弐,240
秕,27
丈,3403
兔,7
層,6400
嶋,105
洲,1090
惶,92
棺,721
麟,252
蓁,6
歎,404
棹,612
幀,35
輒,4
數,4
坩,61
驚,2285
厥,127
諡,548
啓,1639
蕋,4
棯,2
蓼,316
甘,3654
芻,143
麻,5637
碓,126
廟,702
鎖,2272
胎,1764
擒,52
搓,13
壞,4
篦,115
卸,668
妥,418
魬,2
舐,102
途,5022
壱,460
小,61698
茉,37
闥,40
奠,190
鰉,12
皎,49
券,4431
岸,7412
鱝,4
広,17863
値,9122
在,18765
坐,1470
初,24361
嵩,250
喉,799
炉,2881
啄,341
艦,2524
拠,4105
荘,2225
猶,567
躋,4
塒,59
懇,537
變,5
得,16766
尋,1550
藜,75
夙,104
濮,8
粱,82
渙,37
靨,31
狼,716
鑁,29
誥,33
蜿,26
幕,8707
嗚,194
釟,2
擽,27
欺,651
庄,564
糖,4059
表,45801
憙,5
塔,2440
渥,59
峭,42
犲,6
肱,114
慓,8
應,7
憇,3
鑓,354
彑,41
讚,278
嗹,9
鑢,116
汗,2018
疆,248
笄,217
澀,3
例,7033
莞,52
佻,38
塡,24
飥,2
審,3654
殞,6
斤,249
湊,250
淌,2
蜴,136
炳,51
隱,4
薨,62
晏,111
湘,220
纐,33
斉,1679
亠,76
酉,592
喚,393
縒,475
儘,277
屶,2
籏,3
曙,197
樽,797
醗,13
設,16810
濠,181
陂,4
坂,4797
愃,2
功,5111
逆,5416
掟,157
骸,543
獣,2752
把,567
蒟,173
柿,1393
瀑,86
暢,131
鵺,37
靆,8
資,13385
穎,213
匁,328
溪,6
蠎,2
絣,384
麗,2167
爼,9
狩,3079
蚶,12
雎,90
此,3141
帛,608
宏,166
鱸,159
勁,105
蝠,184
束,6822
裃,76
醺,21
芳,2147
雞,1
差,11339
逓,266
佚,129
弸,2
栂,107
徂,142
痕,656
園,8853
折,9340
潜,2125
黐,180
走,8260
膝,2964
荅,10
滷,19
脇,2360
撃,6166
咸,155
扛,53
潟,1211
菜,6642
暁,742
裏,8697
羇,76
壓,9
墳,1115
亘,60
吁,4
闢,104
鍵,848
謦,29
几,530
魁,245
切,31063
褊,65
箭,360
各,8644
能,20425
禺,19
瑳,21
癈,70
衛,9343
払,7451
囓,14
貔,22
屢,8
携,1548
燮,29
憍,2
坏,180
彦,1647
黨,6
婬,57
戚,422
勳,4
厄,783
僞,4
莧,5
萬,20
妊,1110
薪,818
緯,1613
档,4
羝,6
竦,126
臈,333
糝,10
埼,469
三,60231
過,14626
紮,82
嶂,10
晳,2
弾,5872
輛,31
授,5182
碁,2087
妾,542
緝,8
崔,86
癸,72
迯,3
荼,721
蔬,76
力,40600
躯,218
学,81418
諞,2
虯,2
鬐,2
磅,32
凉,9
鵞,141
黠,39
徨,53
示,13131
癨,2
皷,5
魚,14999
汁,4341
姥,454
齬,34
才,4594
冓,1
坊,3224
自,72634
凸,758
鉉,32
程,10349
冠,4357
鯨,1011
茫,174
津,8335
距,2978
断,11729
泣,4189
癘,43
葺,1021
默,4
蚣,38
筺,4
颯,62
肇,129
冑,427
齧,117
駸,12
爰,125
参,12070
甥,200
摧,84
舳,198
膊,59
驥,115
轟,176
矚,7
矻,4
薺,79
推,5029
碆,3
囲,8586
矩,328
蠃,4
狠,3
穫,1009
耀,232
眩,198
饐,22
孃,4
隰,5
敘,3
羔,3
筧,33
剣,4073
嶼,125
凭,112
楙,2
髞,2
麬,2
閾,162
臍,489
綱,4190
効,6185
徒,7918
票,2027
府,13038
孑,82
煌,143
繩,6
蹶,49
璧,177
悠,356
黼,6
擶,3
含,9700
鑄,4
靱,298
頤,369
珅,1
栱,1
餉,208
予,7804
詫,174
詼,7
呷,12
桧,536
由,10081
梛,26
泥,3518
贖,225
拐,207
栓,804
甅,4
誌,3235
減,5244
耒,68
飫,23
巛,16
萇,14
恠,15
尺,3976
心,59581
抃,16
権,20033
廬,339
暈,319
物,184556
偕,87
許,6190
褐,5523
匙,347
綮,32
醵,50
譎,49
住,12723
畔,438
蠍,99
睛,59
簎,3
踏,4395
笙,182
裄,82
懀,1
琳,197
圃,188
綵,54
績,2980
餔,7
獻,5
章,7987
哩,17
生,103586
竏,7
怙,56
癭,5
啞,8
徑,4
掉,45
銀,11649
衰,3886
律,9826
猗,28
畤,14
尉,653
献,4108
攬,32
眺,771
倥,15
巳,772
酲,5
笋,75
遡,240
約,22037
杆,62
該,302
霪,3
覘,61
鬱,1043
控,1460
齟,35
尩,1
敵,7319
眄,59
袷,198
洋,10656
歔,22
鵄,79
眉,1776
嘉,1288
滑,4662
船,21032
磯,1399
牲,549
歯,7010
劵,3
翆,3
況,2762
鹽,5
菓,2578
恬,105
怠,994
篩,354
蒙,1229
穇,2
蜚,70
溂,15
蚌,57
蛉,1437
世,55312
鰤,70
箴,93
窯,826
霄,76
翕,38
傳,4
頰,108
糘,2
齋,5
邯,158
畸,59
弑,64
劉,577
逸,1634
囮,40
勢,15745
椽,85
憩,376
序,5337
笆,12
蛻,59
磴,16
画,58032
帖,1045
膰,14
嬾,14
零,998
犒,25
荷,6925
通,43976
薙,362
烤,1
蟋,90
畚,88
忸,19
戸,32549
壅,44
楡,95
懌,4
驃,9
鴃,16
函,406
批,2892
標,9826
夬,7
蕾,109
槙,142
纈,149
隘,73
媼,68
譱,3
孝,1977
蟻,767
瓔,71
鈸,3
嚥,99
釜,1331
匈,192
芫,9
癌,923
枯,2109
哲,5324
讌,25
牛,6809
墟,102
蚓,85
迩,3
籡,2
分,89295
辛,2753
畉,2
混,4851
簧,55
垠,3
舫,96
咫,136
陸,9043
阡,29
鬼,4079
佐,5485
耶,535
答,3863
轤,197
契,3601
斂,223
膨,1124
将,10534
襁,64
彪,48
膀,224
犁,12
釀,4
私,11595
黙,1410
巷,319
裝,4
村,10368
莅,5
牓,1
拌,87
池,4222
疎,1187
机,1274
郛,5
圍,5
的,68461
免,3807
螟,75
鎮,2863
栢,11
終,10443
楪,34
紙,20909
股,1506
傍,1816
擬,1706
瀉,367
陛,123
鐇,5
躊,88
牒,223
竃,19
桝,27
春,17293
礪,101
櫛,1200
燉,8
被,5110
検,7962
刮,55
邇,100
嵶,2
填,579
籍,3569
舸,25
面,42156
曚,4
老,9058
偉,766
炎,4879
粢,40
滅,4809
嚆,47
韶,49
陽,8188
守,9702
堕,471
釉,631
憐,326
嚙,65
滸,112
梅,5534
潦,38
護,9072
豐,8
我,7925
啣,22
莇,4
糠,524
穢,426
咬,273
夛,3
漾,7
嘱,247
牘,94
漉,730
鑼,101
諢,13
鍖,2
稱,5
鬨,172
獄,3264
侑,12
棍,86
怖,1338
冽,56
汞,121
帑,48
蔕,78
瑙,93
瞥,31
款,490
掃,1532
穿,519
椪,11
僮,22
腹,9779
艙,51
忱,6
鰒,42
弟,5719
疽,245
虍,50
舶,1937
諮,264
侫,3
幵,3
順,8296
粲,60
永,7329
試,7885
鱈,269
笳,15
碣,30
欒,101
閂,48
祢,298
橄,97
汲,896
蜂,1059
際,15344
除,7381
壼,10
拊,11
黎,169
芷,2
戔,146
攪,162
磧,110
壁,5542
娵,33
鵑,74
憶,1577
侘,218
嘛,25
鏗,19
蠕,69
桷,18
疊,4
嘻,6
愉,349
獲,1749
卻,13
痞,33
疲,1521
闌,134
閤,276
揣,32
宅,4139
振,9790
禿,382
僅,153
迚,42
丗,3
飮,2
敝,30
馮,117
蛾,516
黽,41
撲,3793
秡,2
裁,8378
拔,4
駝,140
就,2542
勤,4441
鷴,1
妬,499
楫,231
鴟,138
趺,101
軅,3
庵,2112
鞜,40
稲,4014
冂,53
袵,24
蕗,211
昔,7758
掫,5
瀾,197
杰,3
鉈,134
聰,122
惇,11
完,5295
琉,582
駛,18
溜,898
瑇,2
筥,180
剴,12
嫻,5
狐,1431
蔡,109
爬,356
盖,6
攸,10
聿,39
髟,77
髑,71
憾,173
裸,1146
蟾,71
恭,537
鮒,266
泱,2
御,33083
枸,112
槊,24
筬,80
滝,1611
瘠,78
蕩,525
査,6751
曲,21428
戍,61
鴪,3
可,7669
瘦,35
繋,1058
搔,87
乏,1841
強,21420
圓,7
磁,5127
兪,27
旆,21
蝲,2
葡,9401
叶,242
銷,88
乕,4
洶,22
済,10546
逹,3
黑,1
比,10309
叡,746
弱,5037
変,38297
膓,3
随,2575
骨,10936
耿,41
棘,398
秒,749
傅,236
嚼,131
甚,1310
萱,347
闘,3027
偓,2
覊,7
昌,852
欧,2395
罫,326
昿,3
俘,74
幾,2493
翦,7
譫,67
妁,20
决,4
畢,142
處,6
渊,4
怒,2456
軀,32
風,36951
竺,333
詈,67
矍,14
廸,4
擺,18
哨,194
觚,59
蘩,2
缶,691
嗟,95
遘,7
婟,2
氓,31
黒,14237
伐,1261
輸,4536
緻,383
須,2390
汝,773
蚤,170
寵,569
鮎,464
詞,25669
奎,73
鍛,1170
汀,228
欽,375
酘,6
烋,4
万,34398
臺,16
杳,34
聖,7051
匯,5
鑷,38
籹,2
槧,26
稔,89
久,5525
爵,954
誣,112
羽,9831
繡,30
繻,354
寐,61
逼,102
繦,40
仁,4219
暾,10
齢,3149
鱏,21
覃,12
迭,57
顕,1954
艮,86
綟,60
瑟,101
冬,8172
搦,180
瓸,2
娥,81
頼,6039
瘡,638
俶,16
猾,103
峨,725
珊,414
驢,110
瀏,25
鐓,3
猝,3
魍,23
愨,7
艤,40
扁,1470
鼻,5190
壊,2934
傷,5610
楤,4
潘,35
萢,2
蕘,17
刄,5
矮,200
編,10233
國,9
莪,42
聢,27
悳,9
鞳,11
斡,167
茶,13275
殲,19
藍,1747
竚,3
蹙,56
絨,278
閨,282
靦,16
店,7776
栲,76
紳,456
楔,297
黍,320
瑜,118
猴,133
瘤,399
鎧,1510
蘿,191
蓐,64
貴,6381
剄,12
剌,152
側,10831
漿,746
婢,311
擘,15
萓,2
苦,9262
縷,206
抗,5281
沁,133
鑪,16
互,6997
毅,245
獮,4
閉,4382
縞,1819
糒,48
畏,605
鑿,328
称,47569
蛹,143
醂,230
椈,12
誼,183
璢,3
様,17504
淄,1
隨,5
聘,108
燼,106
士,13622
憮,13
燔,25
榲,10
綻,159
騰,674
珂,84
售,7
孫,3496
褓,59
迂,242
裳,964
烽,101
絢,50
鰮,32
奚,39
嬶,76
韓,1975
柔,2823
於,309
鞠,456
嬰,269
杷,100
駕,1063
輊,14
唖,131
渡,12035
埔,22
省,8356
裹,175
智,2832
輻,271
鈑,18
売,16860
袁,104
賞,5859
寢,4
援,2525
訝,43
裴,30
滬,19
椚,22
人,207991
排,3145
斃,66
役,16869
形,102815
髏,71
剖,411
拮,140
液,9539
俐,11
眼,6747
左,11156
英,9367
牙,1202
透,3669
肩,3872
贏,77
爺,743
豹,329
螻,156
孱,15
霍,84
打,20279
羯,201
肭,23
佳,1231
痘,412
醯,16
萋,7
牾,56
楞,58
劾,123
胚,795
倔,8
遇,2065
流,32635
偽,2122
構,12127
溏,2
依,2194
婦,5681
稜,579
辰,1358
漣,61
笹,1076
枹,29
粁,12
餅,3349
騏,57
発,40199
漱,2118
哘,4
棲,533
鰕,14
煤,378
贊,4
咒,6
刺,6234
蝋,1233
晃,24
貳,4
翠,486
鏖,29
囀,88
淆,117
漏,1907
梹,3
蘆,1050
粨,2
翳,339
費,7129
單,8
灣,5
紋,4927
蒐,136
巍,40
燈,33
膜,4223
伎,6826
灬,2
漓,40
榨,2
惘,36
鷙,20
碼,27
綰,57
鮸,3
帚,1635
娯,344
腟,10
鑵,58
井,8203
寄,11522
輝,2307
需,1074
摯,24
鶴,2467
隼,140
土,28069
祀,1153
爾,658
震,3587
犢,75
馳,545
煖,58
潴,3
夲,3
櫑,23
呂,4848
覈,39
窖,25
賦,1251
雙,8
跆,2
履,2395
槵,2
畩,3
王,16948
淬,6
臙,100
呶,10
鐸,183
治,28521
啾,21
遍,1199
益,5827
謗,221
博,4065
苡,22
出,84312
犯,5816
吝,126
脯,21
昂,236
橋,6410
肆,138
驂,10
謫,107
厦,10
喇,171
蛛,667
蚩,26
殊,2481
嶬,2
廱,3
豚,1076
鱰,2
方,75835
框,171
饅,535
狄,166
佇,41
結,28728
眤,4
東,35638
亀,2132
韃,109
掾,339
麌,3
鉞,62
話,22919
篊,3
乾,6019
猖,17
鯤,25
猫,2345
从,5
飄,132
赧,24
崑,139
緕,3
駻,35
珠,2538
棊,53
椒,573
貌,1092
跳,1545
刪,64
採,4160
攩,4
砥,542
群,7113
柵,556
殆,92
芹,255
慧,836
儡,125
頸,1219
上,102150
唔,13
簷,60
辷,103
梵,2569
還,2531
漸,553
俏,3
濔,2
尓,11
且,177
檻,134
佃,160
空,22491
瑁,37
哢,2
套,386
晁,48
臂,343
胖,20
烝,28
族,12146
秩,1233
声,19611
絎,107
尠,25
獺,175
婀,27
站,51
坤,179
所,52858
宜,1081
鶲,47
倹,359
佞,183
貸,4253
鞐,24
蹂,54
竅,43
傑,600
溯,79
悩,2121
盥,152
当,28773
昧,717
繽,14
暝,6
跌,34
降,10987
蜑,108
豼,12
有,25498
遉,7
竹,11392
銘,1521
暹,67
閃,482
狃,2
酪,239
酬,571
僑,76
謡,5015
蛎,9
鉤,1135
欄,766
刑,5834
褞,25
揩,11
噴,1493
達,11859
棡,3
諂,58
焰,14
鱲,2
泌,1552
侏,89
磋,35
楮,254
深,11038
燻,357
視,7050
睚,27
慮,2543
朦,107
鰥,111
図,15050
焮,3
炊,1385
欷,25
惻,51
藤,8430
奸,422
鯖,204
勃,346
擾,102
鼬,223
障,6578
磆,3
疝,135
藩,3569
弉,207
諧,1877
糞,991
疇,144
梺,2
溝,1525
蝸,264
晴,2840
兎,849
粥,768
悼,211
堰,474
蓍,37
肬,8
規,10046
痎,2
僚,909
術,14187
尨,46
槝,3
剤,8062
兩,4
剥,994
嶷,8
灰,5069
冨,143
起,18978
鞋,345
拏,24
朧,327
屎,178
狎,47
霾,12
愎,13
螽,55
孒,2
隋,464
邏,81
指,18228
屈,3036
燭,664
尅,7
筱,3
冫,73
膳,1976
崘,4
飜,22
眞,6
嗽,98
彝,78
柴,1361
衾,242
棰,2
甦,44
萼,380
鬣,51
邁,104
促,2050
躔,3
葹,3
曉,4
笶,2
渣,34
澆,53
簪,132
大,128458
噌,1915
竄,151
貮,3
竣,129
林,8156
廐,4
闍,256
剱,9
籌,97
噎,67
鷄,4
鮮,4633
践,775
絞,1692
柆,2
滿,4
麕,14
磐,1115
鼯,8
箋,303
昊,38
臓,3538
癆,79
諳,55
鱓,6
侈,92
油,12058
鯣,58
軼,14
裡,233
艶,1164
嘩,561
壹,7
嬉,430
秘,4269
毟,63
悃,25
拳,918
淑,186
暄,33
梧,176
枝,6898
毀,403
鴒,87
網,5902
友,4596
伊,9483
咎,330
菩,2683
告,7522
殴,467
唹,5
輯,100
枋,45
汐,350
屍,326
袤,18
壷,6
饂,210
橦,4
櫃,530
森,3160
扶,796
垉,3
付,33399
愼,3
仞,79
袴,1706
栴,156
歌,40954
洄,2
掣,41
鉄,12543
渓,1230
鴇,50
襃,4
懦,64
羌,28
咲,3240
銑,294
嗣,504
掎,9
師,15163
伏,4021
濾,507
茆,2
目,54150
番,11373
致,3030
贐,15
憚,199
鰛,3
蓄,1430
鹼,24
杮,3
蔵,11888
屐,53
臠,11
巣,2474
粃,57
歛,2
寒,6043
菊,3209
載,3481
理,47753
册,4
咯,5
畷,37
跂,8
邸,1038
饑,82
沫,300
駈,263
竡,2
欹,3
卿,1856
掩,215
叢,818
實,4
敗,5052
蛋,887
四,50600
榮,5
認,7179
乱,8734
医,18632
鉅,28
秀,2975
鑛,4
華,8439
愍,64
毓,3
丼,272
愴,73
晰,61
替,7138
晩,2805
芎,4
岐,1969
篭,11
箔,789
熾,164
畝,536
末,15382
蹟,292
驀,41
臉,14
槹,6
蝟,24
嫂,37
窰,3
繙,31
朕,53
喩,1707
唐,9020
幌,286
浬,22
宛,639
縲,27
觝,21
廖,14
杼,77
醱,4
日,100957
匹,794
啝,2
惜,1803
蠡,41
幗,18
椨,8
睥,19
似,9942
瀆,6
超,4054
慚,76
插,5
揚,4320
謹,618
黯,27
首,20487
昃,4
無,31007
使,28888
瀬,3324
猪,981
擇,4
淦,70
炒,684
溌,66
祷,451
錢,4
傴,20
椿,694
殯,85
厭,633
悲,4613
尢,23
色,62739
邵,22
舍,6
訴,5185
鋲,282
肖,476
悉,429
檐,58
饉,203
哇,26
糈,2
靂,59
床,5969
僥,37
俣,139
害,11650
片,8863
楢,81
惡,5
持,26259
栞,148
恰,207
郤,17
遜,430
吼,96
滌,66
経,33250
郁,112
惰,263
蒴,6
屠,296
迹,380
旋,2480
卓,1272
蔓,1346
囑,4
題,12924
対,36504
沱,23
夏,15613
驛,5
羃,71
稈,101
彔,1
哭,139
稟,145
丘,1898
憲,3331
龝,15
錚,18
躇,89
豊,4677
恢,69
寔,37
做,127
墫,3
窶,109
室,11329
釘,1092
呻,72
惨,700
渚,127
薮,10
門,22302
鬥,23
慂,13
叱,485
埀,3
増,6474
咳,706
陀,2663
嗅,384
汢,3
燧,198
用,107212
甞,3
宙,2452
搾,668
貭,3
辱,686
蹄,505
挽,828
恒,1109
耽,201
厰,4
畛,3
鋪,99
癶,20
咋,56
搆,2
渾,225
佩,482
鏑,278
備,9396
洌,6
旨,1989
矢,6512
否,3537
希,1859
緤,2
歙,16
槍,1591
盟,2338
傭,296
箇,1371
桟,851
綜,208
逮,678
慫,13
瑠,10635
誕,1013
怪,2278
榾,72
宀,222
確,6721
侃,72
伶,103
蛍,967
迢,19
駐,1055
抽,1234
婿,735
覦,14
諍,120
逧,2
胯,60
樸,93
任,11683
馭,140
険,6082
扮,302
擊,1
咾,4
瓊,288
寂,1188
袰,2
貶,160
梓,361
壻,25
佝,30
畜,1890
錣,49
抵,2018
擧,4
跗,4
鯡,34
帋,5
豺,39
底,6711
緘,171
訐,12
臚,85
鶤,16
鈩,3
倶,466
略,28850
那,2139
圀,83
炸,102
蝣,60
祥,926
窕,21
癰,38
譲,3336
座,15797
櫚,182
艀,62
鷯,47
篏,3
凅,3
冗,616
駁,201
懣,39
跖,37
謇,13
藻,2993
勠,3
単,13056
劼,2
瘉,3
罪,9388
楣,9
禍,669
詁,86
衲,120
酊,42
僭,111
吮,3
牧,1813
閭,114
顴,26
赦,664
蹊,104
龜,13
淒,9
鬚,401
癢,27
杤,3
晢,3
擠,23
雷,2312
秧,56
惷,3
笞,142
菟,151
怯,172
旗,3508
晒,525
莫,527
卉,118
稙,28
讀,4
哀,1559
鯵,9
惴,3
岾,4
脾,191
蜉,73
潔,1037
盲,1195
句,11087
悔,1280
滔,39
潑,11
戰,4
誨,56
月,36828
郡,3135
鬟,17
懼,168
迎,2697
鳫,4
胥,68
瞹,2
硝,1254
討,3064
百,9073
反,17110
飾,8133
掲,1669
羹,418
解,19281
中,119659
咐,3
畳,2398
姜,163
糢,10
紘,29
囎,5
廢,4
曄,10
姻,665
嬢,365
緜,18
戎,377
湯,6388
莎,110
旃,35
珮,13
暫,470
旄,45
穂,3732
槁,26
探,3556
贔,135
也,1104
虔,78
惠,7
冦,4
渭,93
穣,95
焼,12119
囁,55
尸,328
緑,8013
亜,3324
化,59614
禊,160
案,6711
迦,1509
垰,2
拭,678
誑,76
貨,6454
俵,1278
怎,17
愬,11
謎,363
冱,50
糟,326
菻,4
虐,648
恥,2516
槐,302
奄,291
怩,18
糲,49
語,119130
筕,1
鞏,46
沽,97
辧,3
弌,9
陪,462
欣,184
汕,14
蝮,68
襭,2
笘,2
曼,722
訳,6226
檸,32
膺,58
稀,558
瓷,56
閑,1497
筅,153
葎,129
兵,11603
忰,3
禁,6215
仏,28274
臧,19
鷭,16
竇,41
焔,397
挂,106
悌,91
况,3
抓,122
窮,1309
鞨,49
緡,132
釦,58
髣,21
向,20249
尹,421
箙,211
刹,421
貞,2200
踰,46
熬,90
孤,1182
籤,359
歃,2
快,2889
瞋,133
椰,157
蹣,59
迷,2860
覗,320
雖,131
柬,13
區,6
剏,3
齎,17
擲,255
躄,62
禧,31
笯,1
蕚,3
乍,103
啻,16
蛇,2353
相,38497
苞,522
闖,17
樮,3
鴣,23
苛,389
薐,15
輅,5
哄,31
撥,1108
草,33800
事,95829
磽,32
叭,124
袈,441
增,1
租,1395
枢,1111
顏,2
籔,3
鰐,142
瞶,4
檪,3
噦,17
廰,3
暸,2
杏,664
辿,40
欝,9
髀,55
奨,594
及,5102
褫,15
腦,5
閥,637
肋,458
爨,50
礬,296
戉,6
謖,36
屓,115
檞,3
氣,7
扎,4
譚,302
貧,2864
堀,1854
蓴,78
盈,105
伯,1665
鱒,152
鉱,6388
鳶,450
甲,6123
誦,742
裑,2
嬪,51
鎺,2
遐,68
活,20328
班,547
慍,18
模,8284
擱,69
霤,6
甸,69
朸,22
竝,6
壥,3
飼,3035
皿,1602
萊,5
挾,7
緲,22
殃,53
柢,10
隙,941
重,28984
午,2384
衢,112
罅,106
卆,13
峠,695
蟄,123
纂,708
伜,12
創,7785
腿,305
口,43210
烏,3141
破,7360
渠,223
圸,2
荵,8
覩,9
騾,17
咆,31
鎰,51
談,5943
幡,1371
梻,2
羞,164
昼,2437
掬,176
衽,204
罔,77
颪,103
桔,220
沓,709
寶,7
戴,678
谷,5600
來,7
脉,7
戯,3440
韈,7
楚,790
五,55349
釣,4372
痙,468
蛟,52
寅,379
攵,109
鰍,42
偐,38
邌,8
蒭,13
鄧,2
柘,116
圖,5
沍,3
罕,55
慳,137
朴,632
衷,321
監,3889
鐐,53
療,4933
褌,355
集,54371
弯,3
峇,2
儼,41
竊,6
譽,4
叩,1170
朱,2596
旺,90
鰰,20
苗,1584
俸,472
闕,509
馨,95
弁,8912
寞,63
地,95856
吹,7837
哉,291
呉,2293
踞,125
赳,12
蚯,77
弗,264
轌,3
砲,3589
狗,813
燎,49
蜘,693
諱,249
舊,10
灌,1036
警,5062
筵,514
頽,282
鸊,1
亢,242
頁,297
沛,74
濹,4
匂,894
鴿,26
沙,2163
圉,21
嶝,2
故,6637
莢,322
峙,60
虻,150
非,9667
霧,2634
嘔,323
椹,15
阨,8
瑞,914
拒,861
踉,77
桙,76
梁,1813
冒,944
蚕,1712
鷸,128
状,38759
邊,4
志,5998
塼,2
閔,64
懴,3
槽,606
鯱,113
詩,13859
岱,56
式,27163
崩,2467
捷,317
鐡,3
崇,1316
潼,24
朖,17
縛,1393
趾,275
峪,20
髦,16
易,5899
鼈,269
閻,521
侮,349
霞,1099
韜,115
戡,11
仕,20170
縱,5
埣,4
虫,12909
鵐,48
撓,368
侍,4899
娼,746
樗,198
綫,10
杁,3
凶,1728
广,156
裾,1459
銜,248
鱚,32
顱,43
彼,20444
腫,2043
数,50225
忽,397
寓,427
蜊,21
茎,6319
赫,161
諭,520
洩,209
涓,44
覯,68
撼,27
杢,87
杪,49
梲,5
畫,8
固,9352
淝,3
晄,3
奬,4
筰,15
嬋,36
沼,2304
瞬,979
跼,67
岩,9220
率,6469
癡,21
豁,57
秣,111
昨,1450
閲,483
幇,210
鰄,19
藉,233
躍,2663
近,22563
次,16983
情,19358
骼,14
螯,13
扈,76
棗,176
髱,169
譬,246
撮,9270
縅,482
蟖,1
猷,71
歪,290
勣,6
笨,23
換,5798
嫐,8
腥,58
秤,1004
皐,149
婪,28
鍠,3
臟,4
浸,1861
菀,1
裟,442
濬,7
釆,31
躑,183
料,27541
狷,41
伽,1757
江,26319
朋,333
瘻,109
狆,29
潛,5
撫,768
耻,19
璃,10747
葮,6
噛,708
蠖,32
駑,64
廿,227
扞,23
襦,153
姓,6686
抂,4
你,1
佑,83
訛,1181
篋,48
派,15821
濂,28
岫,27
麓,916
叙,1694
鄱,3
核,4651
夸,5
瓩,27
域,9257
灼,172
茖,6
屑,962
迺,5
曰,570
肺,1898
冕,75
觧,3
畧,3
褥,194
冪,60
扣,75
稿,1588
芬,50
駭,70
聯,443
限,10035
云,1377
想,9973
戞,5
捜,1300
祗,68
藪,672
鷁,63
樏,3
煽,262
磲,6
硅,31
桍,2
香,10744
豕,134
靼,104
疳,142
楠,408
琺,57
惟,464
馬,20823
足,23853
罹,142
豢,3
楕,2090
黔,46
細,21434
徙,31
湶,2
樫,280
蒁,2
扼,81
宋,2365
襄,154
廝,23
殿,9794
腱,187
董,296
埓,3
孩,62
累,815
丙,144
郎,10257
其,3131
覽,4
詰,4146
甍,59
鰊,78
鑰,120
鮓,74
錺,37
榛,247
毬,383
宍,78
钁,5
薛,44
暉,82
揮,2085
膚,2588
捍,24
町,14164
戒,3724
応,13159
撈,22
鵡,121
灤,1
頡,56
彌,3
哺,1564
鯁,1
瑪,113
剿,34
顔,13245
蜻,1475
叛,331
檜,332
官,22485
絽,193
箚,45
湲,16
櫺,32
麼,58
堋,15
圜,22
撩,12
兆,1007
韋,238
僉,74
秦,1187
屆,3
陌,42
鑚,5
焚,829
酸,16602
鯛,906
曜,1294
苴,45
啀,15
苻,33
磬,120
専,4586
梘,1
塹,79
処,9273
投,9362
壌,863
濃,4880
紲,40
叉,1089
爭,7
殱,3
窺,159
燃,4153
火,22564
軣,3
癤,5
蔆,3
威,3412
微,4450
餃,36
箜,40
瞎,4
頻,681
熄,15
綬,348
囂,101
龠,10
幼,4990
隍,10
沚,2
坦,240
腭,16
倆,32
璽,269
肄,11
賤,829
筐,136
麺,575
皰,34
頌,340
鋭,2084
蜷,93
茹,188
當,6
懍,9
路,14016
雜,5
薔,245
卍,97
締,3794
笈,214
夊,25
行,96202
鞣,81
演,11693
遣,4753
繊,2968
愁,701
正,28462
熨,338
憫,153
枩,5
臨,4581
歡,4
以,24991
繹,123
恷,3
鹸,548
尻,2929
帽,2649
併,2114
実,32912
熏,14
思,30835
秬,8
合,74880
暑,2052
竜,5224
逎,3
庭,6508
匚,55
褝,3
鵤,30
枇,71
燕,937
烙,278
鮭,286
樋,666
礒,17
謨,142
悁,5
駒,2015
芥,1223
杜,735
診,1686
眴,3
貲,26
瀕,123
鶫,35
薑,335
萪,4
榠,10
嚇,132
子,102042
騠,1
繇,2
張,15902
針,5157
安,24444
麸,7
後,50827
胙,21
婚,5164
腮,42
奥,5113
拶,813
楝,72
蚫,2
膿,718
兜,1192
旧,8562
殪,9
腸,3188
苜,27
転,22493
琥,180
芍,82
猊,40
緇,87
籬,469
虎,2684
鬆,72
仇,543
閖,5
纖,4
好,13145
藾,2
眛,2
惣,522
統,11212
妛,2
棠,110
罧,9
抻,2
糺,102
怐,3
蔚,32
汰,811
項,3196
僕,1272
衂,3
鳩,1034
笊,149
煕,15
勞,4
欸,8
彁,2
迥,5
陬,65
杖,1476
駱,94
同,65857
倪,53
停,2352
涜,110
幻,1231
睿,33
虧,86
餐,330
贇,21
粐,3
鋩,30
稻,4
公,24653
濺,17
訃,89
壗,2
憂,1696
漆,2759
饋,54
芟,17
嶇,9
倍,2481
罠,94
遠,10175
奇,3413
憧,114
妍,48
精,11824
詣,1324
倣,476
甫,280
躅,208
貪,476
殺,7964
晟,8
賣,7
竿,1219
鱧,42
矗,18
碾,200
戻,3080
招,2079
槓,36
佶,18
梃,212
躰,37
廨,51
傘,1702
縹,247
擅,113
薀,29
牀,97
注,8809
孅,2
纜,58
驫,2
伝,24086
攴,124
瓚,1
渟,98
騁,8
崖,686
涅,552
冊,1959
梨,1681
縄,4619
鮗,17
蛩,13
據,6
糅,47
殫,3
咄,590
痿,9
醜,760
准,510
興,8309
碇,333
礦,28
蒂,3
原,38004
皋,3
竟,221
雇,1926
碩,144
寤,23
聒,3
鈎,43
甎,35
塁,1435
挺,232
摑,71
巖,6
蔣,1
羈,144
鏐,5
嵯,634
銕,24
剳,4
昴,64
団,12980
槇,8
怏,17
粛,560
給,15941
酥,47
蕈,50
粹,4
恙,76
堂,5836
跟,20
莚,68
睨,187
崎,5152
偖,8
隻,329
凌,313
轗,10
募,1057
痛,5844
樺,552
慣,4157
勝,12290
翫,153
麁,142
雁,1565
袢,156
剰,814
椴,23
斛,78
嫁,1747
鬢,803
耄,130
証,11415
斈,3
従,9319
喬,150
靜,4
気,64587
僣,4
十,21520
賓,559
襴,246
兄,4142
筈,418
淞,7
扨,131
俄,470
黛,105
鎬,208
萌,656
彗,225
鰙,5
徳,11600
額,6412
貍,46
穐,3
候,6315
未,7779
鑠,27
俺,238
芙,102
良,10711
孀,25
剛,2220
庇,749
開,24564
糸,13319
帝,7097
逑,12
椀,789
輕,4
綸,218
諷,543
抬,3
南,25301
部,90186
燠,44
餾,18
厘,270
素,19201
誹,953
筍,275
述,5058
鞭,772
貅,30
娘,3149
髷,927
拝,3151
柤,2
忌,3321
醋,79
蟀,102
硼,189
飯,4936
輿,1342
媒,1870
残,10494
邦,2171
胝,123
瘧,118
籃,126
甓,2
崗,265
感,21870
染,13092
臼,1193
味,20373
寿,2699
彙,332
鎹,43
搬,771
譯,4
惱,4
塲,3
幹,3043
裘,84
帙,144
賽,319
登,5808
柳,4544
這,855
凡,1332
跨,144
繖,30
險,4
茸,716
蠏,3
袪,2
嵬,15
般,8425
悒,28
咤,56
鬩,37
鈍,1371
書,65394
扠,72
夐,7
玢,4
穴,4455
燹,17
蔟,70
嘆,2320
鐶,129
撿,2
盗,3682
薰,1
匠,1412
蛮,992
慘,5
竢,2
飲,7906
讖,65
樂,8
嚴,6
謚,3
醢,55
蒄,3
殀,4
鈿,146
麾,74
薈,20
匡,154
絵,11623
鱇,107
慊,37
仮,8342
粋,1596
綠,2
鋏,449
膕,39
毒,5820
癒,605
離,12969
劬,6
瀧,4
篇,822
柎,2
嵒,5
凱,240
駘,27
猿,2806
鞅,81
歩,11053
浅,4282
蜒,63
析,2606
技,13052
萄,585
牌,583
營,4
墸,4
培,3784
蹐,54
檢,4
轂,100
紐,2022
階,7261
勦,10
尼,2095
泊,2143
喫,749
録,7555
再,6356
械,4843
无,61
蘖,49
釶,2
址,255
取,41030
政,30514
恚,107
妨,1056
殷,423
嗇,55
麒,118
淅,20
氛,14
瓢,454
拓,922
襞,166
念,10793
僂,61
菠,15
闃,27
找,2
畴,3
個,7989
工,21260
幟,352
埜,3
隊,5712
委,4108
襖,625
攀,176
嘸,22
疾,2196
字,202950
欲,4513
焉,255
壯,8
蝗,171
迸,47
承,4804
枡,728
鸚,163
亳,8
央,5664
塊,1737
晶,4081
灑,61
阜,750
房,6031
咀,102
拆,45
塰,3
艢,2
揺,1782
紊,83
九,25994
艝,2
罷,443
信,18469
軍,19912
禮,4
澣,67
難,14020
喋,69
陥,1263
躾,63
凄,162
枘,17
萃,34
硨,6
飃,3
埆,27
犬,4995
烱,13
祖,6317
躙,114
淕,2
謔,95
袒,62
苅,116
鱆,2
窠,3
頷,92
親,16978
藺,302
柝,86
遭,636
鹵,85
嘈,1
碑,819
度,37002
雫,198
是,2180
遷,1184
漕,1123
蒼,612
並,7688
慕,994
墓,2414
呰,3
學,8
榜,140
槿,219
浚,241
忍,2589
謙,1818
淋,478
濛,61
夘,3
舢,3
犇,48
苓,75
收,4
顯,4
瓱,9
鰲,5
薄,8206
喞,36
珍,1886
訖,21
渦,852
瀘,8
肘,639
弊,675
釖,2
描,6440
利,23585
辞,13567
誚,7
粮,86
襷,196
宦,85
塞,1677
評,6732
皂,1
疹,776
庁,4357
拱,153
罸,3
癧,12
玳,43
泓,5
鵇,3
氷,3978
鴛,115
蔗,145
狒,23
蕺,2
皆,2298
客,10283
峯,98
矣,36
繍,650
餡,621
騨,315
曖,117
紆,37
醸,747
尾,11163
旻,40
爍,12
庖,440
続,16045
腺,1803
躓,45
典,6689
胡,2609
栩,17
堆,1056
巾,2015
翹,67
悵,24
萠,5
淙,12
厖,31
俑,50
冲,79
鋳,1991
暗,6344
娜,28
妙,2936
什,287
錏,184
巴,660
夢,4574
柑,485
搗,612
奮,1308
讙,2
俎,254
瑛,12
関,35422
壬,411
紗,947
枅,1
紡,1365
薏,3
刋,2
蔘,4
偵,418
銃,2516
季,19151
敏,1171
萎,459
賻,10
歓,1032
写,9349
諄,28
峻,292
葯,78
犹,3
縦,3900
抹,415
俤,42
兢,42
彽,2
雹,64
埋,2209
覧,2625
慯,2
呍,2
蛸,388
賚,21
量,18948
罵,272
褻,260
寨,47
徴,4174
蟶,21
濫,515
勗,13
知,27043
閠,3
蘞,4
桜,4031
鉾,482
癜,33
鯰,130
麦,3852
纛,72
爛,363
鮪,114
櫞,57
苹,23
概,2787
港,4600
猛,1481
何,16005
褪,122
泳,1815
殖,3282
瀁,3
鯔,65
今,25531
洪,778
疒,1
恫,17
渋,1339
而,582
琢,117
泯,4
窓,2978
榊,249
宥,133
體,13
賊,1729
瓦,2137
撹,9
搜,4
穃,3
霽,89
鶺,86
娶,54
梳,351
銓,30
卒,2862
樝,2
禅,3729
鏈,83
厶,30
櫪,52
速,7982
欅,55
怛,7
囹,45
姐,64
畑,2356
殉,259
輩,1626
蹉,32
飛,11128
嵳,3
乙,1087
韮,125
鷆,3
荏,122
槲,47
縊,100
涸,239
罘,14
俚,346
艱,136
濤,215
花,40442
寛,3376
糯,231
調,19072
植,19874
跡,6048
敲,251
懈,90
垤,30
潸,24
棈,1
縻,26
浜,3470
斗,1887
播,1042
鈔,2425
恩,3142
曾,3589
磔,169
餮,12
詛,98
唄,2287
鶯,919
抉,130
饗,707
觸,4
胱,223
勹,54
鎗,42
沾,34
筌,128
歐,4
脂,4635
傾,5169
特,30946
洸,6
炬,258
迄,326
貘,14
鷺,396
逕,57
輓,72
逵,12
捐,117
国,104313
恵,3829
訥,126
暴,3291
堝,61
浣,140
鼇,17
舒,135
侵,1934
愕,101
礙,140
翊,6
岑,142
涌,241
萩,1075
屁,309
鎭,3
裕,688
龕,135
鏨,86
鴬,19
漫,1259
馘,36
崕,3
納,7563
懃,75
椶,28
擢,108
鍔,361
恃,55
頃,6809
蕁,78
悍,123
瓶,1865
筒,3470
賺,23
憊,54
蝉,865
係,11052
鎔,84
趁,3
現,29687
墺,53
鼾,47
翼,2487
霜,1732
嵎,9
李,1529
喃,45
諤,51
複,6055
艘,117
愈,163
簫,61
弋,51
七,22703
債,5164
榔,154
砌,63
卑,1793
温,10155
坑,907
睇,12
穏,1053
湧,545
筮,164
缸,3
散,9479
遨,7
街,3560
講,4738
轆,208
販,2275
甜,68
鞘,1407
刷,3766
福,8564
捧,449
姙,8
猩,245
察,5208
艫,215
謬,193
閧,2
夾,196
髄,1820
笧,2
鍮,250
瓠,91
積,12116
烹,107
箕,353
箆,342
霎,12
碯,3
椅,538
丰,2
痺,707
負,9677
蔀,245
袮,2
身,31651
摸,197
瘁,30
桶,1274
誂,82
射,10020
雪,9021
接,17948
判,15233
妖,717
貫,3537
鶏,2523
靈,4
邪,2382
袂,349
麥,44
筝,5
穉,14
僖,55
則,6856
堽,4
蟎,3
羆,32
惚,679
亊,3
煩,1325
估,29
嫗,224
縢,71
毫,287
俔,2
宕,191
優,7632
奘,193
盧,283
造,20986
陦,1
賄,531
渇,474
嵐,887
泡,1250
澪,373
罌,51
礁,839
鯎,2
験,8753
畆,3
嚮,88
猟,1685
偃,130
犀,313
衡,1781
懺,313
嬲,64
旅,7214
恁,15
豈,39
禦,109
諾,1028
撒,289
纔,34
瀝,184
虞,381
廓,368
吭,13
窈,30
厳,3741
采,829
冷,5850
繁,3145
綢,11
巡,2375
甄,22
鶚,36
嘶,35
穀,2235
稃,2
婁,151
蜱,4
殳,82
肝,2288
顚,22
剽,110
種,34798
刧,3
縵,24
麈,20
枷,226
陵,1490
焜,62
矇,4
洙,14
供,18743
肯,522
飩,247
粫,3
斫,10
纒,10
餌,1210
牽,555
顛,217
喘,275
縁,9222
苙,2
綿,6055
稚,1336
筠,1
搶,7
騅,10
復,5407
苧,453
憬,52
蛄,186
忙,869
毆,4
征,1562
菷,2
曳,475
禳,3
棋,1969
逶,6
僧,8766
隅,1930
豆,5840
茣,100
傲,191
旙,3
罩,5
岔,2
拈,133
瑚,403
讐,297
廂,279
膤,3
潮,4488
荐,7
古,40337
水,60884
銅,3820
跑,3
葆,8
刃,3072
鰺,114
卷,6
撞,291
雅,3219
勵,4
徭,80
錯,819
己,3682
梢,461
羣,5
粗,3309
縡,2
梍,2
旌,60
仙,2821
恐,3745
姑,481
桎,57
譌,7
謝,2441
喪,1233
鏝,85
篁,106
轎,19
抱,2896
癪,263
攷,24
祁,48
葷,66
蔽,321
痼,50
憤,615
星,10206
鹿,4895
趨,153
塘,106
箱,5241
柞,110
斬,1317
槎,22
踈,3
食,33169
縟,31
明,40432
浪,2970
墹,3
雉,459
衒,106
祕,4
蓑,550
瀲,16
泙,2
禽,407
矯,505
嫦,16
瀚,20
箒,449
径,2045
攅,6
館,4770
驟,70
露,5776
踴,4
蟆,36
滾,49
娚,3
請,4456
丐,51
蔑,612
軛,88
婆,1522
霈,8
煙,4093
匝,23
諺,682
財,7844
瞻,64
霙,30
廊,797
餽,3
茘,49
仆,30
癬,235
沢,5889
儀,7231
賠,537
沂,25
隷,774
狽,84
糜,117
樅,49
識,8506
嗾,53
樶,2
胛,29
矜,105
劇,9061
允,352
鉢,2346
捩,498
續,4
箝,70
荒,5559
睡,1328
体,66632
簗,61
娟,31
徃,3
巓,26
勲,1418
冀,81
農,8834
閙,3
禄,2664
災,3974
邑,341
滓,298
皈,3
斯,869
墾,438
抖,16
獰,43
彬,71
蛽,3
鯒,46
鯀,10
廩,41
鷉,1
茅,822
絖,53
企,4313
腆,9
赱,3
毛,14794
叨,7
勒,419
絃,256
悧,42
穰,3
竭,51
封,3046
楜,2
螂,103
膏,1357
斷,5
純,3447
篶,42
戝,3
芭,889
艨,16
餘,9
帳,4988
之,4468
翌,1718
勸,4
膃,23
匳,7
荀,154
酌,547
痔,170
銚,204
幢,160
賴,1
擂,345
召,2684
螫,15
獨,4
悪,16731
挟,1814
崙,77
堙,26
彖,19
諛,54
布,16879
娉,3
敍,6
刊,5017
桐,2250
銹,97
條,39
騫,31
盾,787
釁,34
价,11
顋,34
蠢,54
駮,11
錆,352
葬,2527
耙,8
寳,6
崟,2
徼,11
夭,131
喙,72
舵,579
眠,3210
鏃,257
蝴,33
淨,5
郊,737
喨,26
児,8669
蓉,107
箪,470
貿,2259
附,669
製,18068
藹,36
挌,28
腔,1296
灘,439
帷,628
服,12907
勅,2278
侯,1126
鷲,454
瘢,89
曁,10
鈕,57
從,7
件,9722
延,5895
遒,12
癇,293
成,42670
脣,26
軾,153
操,3720
島,22124
炯,48
塢,10
県,15723
驤,13
穗,5
稗,175
圧,8924
辨,241
肛,429
吊,1000
慥,44
飭,25
脛,501
擣,40
圭,213
夕,6270
羊,2421
讓,4
桿,212
帥,592
宣,4252
氈,252
稼,721
榁,17
荻,375
柩,93
間,62199
禪,4
餞,64
礼,8947
驍,35
屋,25676
遵,197
嗉,5
竍,2
醉,4
轡,428
昏,346
儂,22
篝,227
憑,369
馼,2
基,16292
礇,2
蟐,2
鉏,21
蟲,8
淫,727
靄,130
慢,2067
遺,10401
絏,22
眶,2
昇,2592
肴,701
鉚,3
訣,172
瘋,14
砦,178
檄,95
痊,4
瓲,17
揀,2
亙,14
梼,3
寃,6
滋,802
嵌,364
翅,1772
哮,41
鉛,2358
忝,74
啼,132
挫,263
波,14788
癲,112
腋,838
媛,395
靫,306
愛,9618
濘,45
励,1262
齔,4
賛,1561
儒,2094
壔,3
翻,1426
栖,398
運,20004
音,61290
司,5999
組,21617
涵,27
軻,44
避,2624
粽,94
鈬,3
報,9660
飽,1228
美,16108
貢,2219
鱁,2
覆,2601
局,5953
符,3851
萸,127
兀,103
禀,3
萍,75
詳,2519
蠆,1
常,21694
珪,827
笏,337
添,4947
凧,376
隹,124
但,218
撰,3859
繚,45
靺,45
箘,4
嫡,608
甬,8
時,73970
嵋,5
簿,2333
牆,219
愚,2428
竕,2
詆,19
魅,550
頒,128
梏,32
懽,8
悗,2
涙,3372
鐃,41
椡,2
亨,115
耡,3
沿,3141
蠣,222
囃,1234
辭,5
夥,20
旁,343
塗,5696
蒸,3956
莱,278
漂,945
算,12541
痾,55
皀,5
送,11292
煎,1565
倖,94
洞,1778
鯆,2
記,43454
毘,760
縋,88
亞,8
糊,955
盂,309
惆,10
磨,3451
骭,8
京,19662
崛,26
価,11144
軆,3
蕀,7
諸,12030
亅,17
凋,109
頏,15
鉐,4
糀,19
瞳,321
伴,6599
鞆,133
蛞,37
颱,16
妤,2
皹,78
禾,303
紜,10
琅,38
円,13937
膠,620
鯲,4
濕,5
彫,3624
遁,414
硲,2
休,5342
紿,2
像,7196
麝,319
黄,13736
踵,181
寸,3452
隣,2007
哥,161
羮,3
嗤,42
輾,34
釼,3
籐,332
引,28091
豌,124
瑾,57
忤,5
仐,1
錨,306
問,16698
韻,2129
抑,1985
源,29163
褶,195
鳳,791
湾,4628
窄,261
杓,723
藏,5
絆,254
煠,2
恍,129
驪,59
熕,11
徠,132
箏,988
匣,124
敖,5
蜈,41
戦,24836
惹,80
作,64419
呵,184
端,12671
鳧,62
曷,11
追,8477
掵,3
籖,6
棔,3
翮,1
听,15
藁,1105
斥,409
札,4642
錠,852
愀,7
臭,2999
姚,59
祐,387
扉,641
閏,241
祚,239
忿,149
怫,17
準,8371
柏,1020
鼡,3
争,10861
睹,31
管,14198
訂,720
攘,311
琛,1
緞,276
摂,1870
濱,5
倚,165
騷,4
酒,14389
燐,1036
翁,1487
餓,627
汽,552
綯,177
捺,389
腐,3198
筑,1544
詐,546
艪,333
嬬,258
奢,299
看,1639
黥,56
譜,1265
蹼,35
蓬,917
鴕,5
掀,2
痀,1
艾,266
乃,309
顆,209
嶽,176
玖,104
鶻,23
臆,508
主,49238
鷽,39
嶢,5
儉,4
灸,466
映,7782
蒹,13
坡,95
炙,118
粧,2255
姶,12
壺,3154
糎,14
鳰,100
愽,3
摺,1551
俾,12
願,6117
苔,1277
轜,20
拯,5
窃,242
謁,279
夷,1789
莊,6
胸,6611
亦,177
桴,197
杉,1947
篌,38
跫,29
簀,544
餬,23
劃,121
孕,229
甼,3
突,8769
叺,49
祆,1
乳,6724
鴦,112
態,19515
櫨,182
黻,7
夂,49
脱,4471
旭,316
臾,31
漬,2712
閼,89
刈,2261
馴,1222
虱,187
蝦,993
展,5312
防,10126
蹌,74
卞,12
舉,3
艸,363
啅,3
魄,170
玲,51
平,49576
一,104644
暇,1556
詬,7
妻,6632
肌,2621
艚,2
槫,2
髪,9528
餠,3
蒲,1596
梗,382
譏,81
麭,22
霊,7190
嫣,15
垳,3
柧,12
矼,2
攫,108
壟,33
瞑,197
歴,5977
貝,4975
攤,19
娑,350
蘊,187
枴,26
姫,2694
因,7064
峡,1398
鄰,13
殍,4
弖,57
陰,8073
執,3758
肅,8
鰆,14
憺,34
舛,23
廛,9
鄒,53
浦,2856
梦,3
垢,775
躡,29
牢,924
頴,7
説,27003
嶐,2
洗,4459
驗,5
鵈,3
松,11546
鮧,2
留,8046
熊,2540
禱,24
戛,18
怦,3
板,12531
砧,261
既,1527
挈,7
根,19521
動,95488
敦,536
椄,2
鞄,138
矠,2
砕,1743
埃,271
瓮,109
酵,1903
踝,45
措,710
朿,5
坎,34
定,51415
望,6412
幸,4808
意,61638
犖,15
呪,983
酳,2
頭,25058
迅,281
瘭,2
椋,64
衿,116
鷦,47
墅,19
男,20674
倦,236
慴,29
漑,261
鎚,182
塩,9912
犧,4
石,34153
紀,15635
披,703
悸,169
粘,2915
餺,2
壮,1446
織,18395
矛,897
哦,2
硯,703
尿,2361
榑,104
整,5821
挍,4
庫,3909
噸,72
耋,5
鄙,371
汾,23
徽,379
号,15426
贄,147
峽,4
于,185
痍,51
至,4953
脊,1566
錙,32
膈,30
侭,3
贅,351
襟,1836
顫,105
膵,278
橡,116
傀,118
鶇,8
坪,515
涼,1923
氾,105
鰯,308
顖,1
渫,108
疔,35
琶,1054
謌,10
冐,3
簣,39
挧,3
黌,100
辯,223
聲,5
發,5
歿,100
株,6536
疱,393
彎,44
挵,10
娃,8
轉,4
幄,85
縮,4863
薤,53
紬,415
儚,38
傚,14
溶,5662
鵆,64
酣,38
疫,1509
聾,242
遶,20
淺,4
弄,558
舖,2
儁,12
貎,12
敢,447
愷,3
蔭,1210
砿,3
穡,12
寡,513
捕,4985
瑤,3
樢,2
衞,183
球,15802
槃,540
寮,1667
柁,3
懋,7
錮,177
恕,105
隕,145
幺,29
蛆,123
業,39395
惑,2679
辟,101
蒡,191
蚉,1
蕨,331
期,32899
貂,70
拷,210
慄,121
右,9886
葉,53563
濯,825
伺,435
鑑,3472
帰,9017
鯏,2
岳,2086
藕,30
檀,1148
皓,82
紕,35
浄,17018
羶,27
者,82450
鞴,135
米,16466
栃,427
墨,3548
院,12308
酔,2929
眥,60
慰,1159
喟,9
滴,918
亟,7
芒,236
俳,5284
薫,780
岷,34
蚪,30
然,18677
容,13239
康,3166
恊,2
涯,866
類,35231
襬,1
嫉,431
刔,2
樹,8124
擁,578
霓,58
瑶,24
摩,4119
橇,90
凍,1410
駢,58
抔,27
耆,245
軋,113
齦,39
見,59338
齡,5
譛,3
交,18486
狂,11169
簓,173
捲,418
囿,24
皃,5
遮,826
舟,4202
闊,254
弛,306
轄,1222
覇,452
煆,10
唇,1305
鑾,13
槭,32
制,23801
置,24493
箍,56
拉,269
辺,7074
諜,157
屡,72
晋,1006
醴,60
哂,2
郷,3927
颶,14
皮,11490
繿,3
茲,31
蹕,69
猜,42
豎,135
范,156
厂,73
聡,219
乖,55
柊,87
薦,741
姆,21
鯑,2
拼,1
俊,1460
勿,281
丕,69
荳,29
媾,48
憔,33
痃,33
糂,38
穹,71
跏,119
鄭,269
耕,1981
隠,8103
禰,103
金,57730
雄,7030
眈,23
閊,51
篷,23
旦,1097
檮,30
沈,3608
廼,75
妣,43
拾,4503
神,53500
拡,2199
桃,2534
矧,168
輟,7
髭,676
蕙,3
尚,1543
碌,149
熟,4384
彿,45
霸,3
贓,107
誠,1174
嬖,48
佛,6
緊,1829
苟,78
莽,91
庠,16
蓚,61
瞼,179
袖,5187
耜,30
竈,640
幃,3
唾,554
輹,2
樊,50
砒,278
睺,1
鬘,1095
註,364
斑,3380
梟,194
瀟,96
魃,55
歟,16
卜,624
鰭,381
愧,104
呱,27
熔,229
枦,4
黝,20
譴,62
吐,1820
忖,29
回,20874
拂,4
善,5549
韭,40
薊,217
穆,92
玩,945
鳥,17406
桑,1128
綛,61
厚,4825
椦,2
梔,112
經,5
朞,8
高,51604
導,8039
纏,613
擯,21
菎,33
鐫,16
遊,13432
景,6532
病,16874
只,541
泗,62
菁,91
襌,4
葵,1279
澗,45
諒,147
穽,38
曦,43
浤,2
呈,1307
虜,368
絶,7450
祈,2952
醍,571
苣,73
煢,23
疥,86
憖,17
擦,1676
損,4868
補,6713
燗,220
膩,304
謠,4
蘂,67
宿,8527
潁,64
埴,300
踪,79
絋,6
鶍,1
縺,45
丞,341
滯,4
湖,4906
倩,38
要,18252
居,13416
廻,1756
豪,2039
嘖,42
鋸,766
偶,1895
論,23361
剃,1124
少,15214
藥,5
適,5560
敕,7
竸,3
峩,5
湮,45
檉,1
配,13760
凹,866
代,77060
彡,56
巧,2575
邱,36
皚,16
楯,574
蟷,86
鷂,49
融,4605
悛,64
真,18982
挨,804
鐵,6
棒,5037
喊,31
喧,744
疸,132
員,13806
支,13474
埠,78
寰,33
楽,26842
早,7965
觜,28
藝,18
斟,63
蓋,2465
厨,421
蕊,181
篤,466
韛,2
誉,1529
馥,27
魘,29
塋,25
倨,22
勾,939
晨,134
範,4416
呆,513
團,4
徘,104
譁,49
篳,79
僵,9
進,16932
茨,736
寺,17404
侶,959
割,10622
裨,34
骶,7
怺,33
翔,249
選,10984
劑,4
影,15101
珞,73
銖,71
簍,12
歹,75
壜,53
挙,5597
搴,2
榕,38
銭,8065
陋,223
搨,20
拑,4
跛,82
臀,237
賁,43
淇,39
碵,2
譖,10
餒,10
掛,10663
鰡,14
角,14679
櫧,3
爐,4
